<?xml version="1.0" encoding="UTF-8"?>
<!DOCTYPE hibernate-mapping
        SYSTEM
        "http://www.hibernate.org/dtd/hibernate-mapping-3.0.dtd" >
        <hibernate-mapping>
        <class name="Hibernate.Student" table="students">
           
            
        
         <id name="rollno" type="int">
            <column name="rollno" />
            <generator class="assigned" />
        </id>
        <property name="name" type="java.lang.String">
            <column name="name" />
        </property>
        <property name="marks" type="int">
            <column name="marks" />
        </property>    </class>   
        
        </hibernate-mapping>
        
        