{
  "employees": [
    {
      "id": 2,
      "first_name": "Siva",
      "last_name": "karthikeyan",
      "email": "skremo09@gamil.com"
    },
    {
      "id": 3,
      "first_name": "Allu ",
      "last_name": "Arjun",
      "email": "bunnydj87@gmail.com"
    },
    {
      "id": 4,
      "first_name": "Naani",
      "last_name": "naveen",
      "email": "naani_naanee23@gmail.com"
    },
    {
      "id": 5,
      "first_name": "Ram",
      "last_name": "pothineni",
      "email": "pothineni10@gmail.com"
    },
    {
      "id": 6,
      "first_name": "Vishwa",
      "last_name": "Dharshan",
      "email": "vishwadharshya1320@gmail.com"
    }
  ]
}